{"cameraMode":{"drawMode":0,"name":"Shaded","section":"Shading Mode"},"sceneLighting":true,"audioPlay":false,"sceneViewState":{"showFog":true,"showMaterialUpdate":false,"showSkybox":true,"showFlares":true,"showImageEffects":true,"showParticleSystems":true,"showVisualEffectGraphs":true,"m_FxEnabled":true},"in2DMode":false,"pivot":{"x":1.6278188228607178,"y":0.1662115454673767,"z":0.9836107492446899},"rotation":{"x":0.021653207018971444,"y":-0.9527086615562439,"z":0.070159412920475,"w":0.29434487223625185},"size":0.9440922141075134,"orthographic":false}