{"cameraMode":{"drawMode":0,"name":"Shaded","section":"Shading Mode"},"sceneLighting":true,"audioPlay":false,"sceneViewState":{"showFog":true,"showMaterialUpdate":false,"showSkybox":true,"showFlares":true,"showImageEffects":true,"showParticleSystems":true,"showVisualEffectGraphs":true,"m_FxEnabled":true},"in2DMode":false,"pivot":{"x":2.47696590423584,"y":3.087881088256836,"z":11.378267288208008},"rotation":{"x":0.010191241279244423,"y":-0.9873919486999512,"z":0.14014704525470735,"w":0.07118149101734162},"size":1.3237113952636719,"orthographic":false}