{"cameraMode":{"drawMode":0,"name":"Shaded","section":"Shading Mode"},"sceneLighting":true,"audioPlay":false,"sceneViewState":{"showFog":true,"showMaterialUpdate":false,"showSkybox":true,"showFlares":true,"showImageEffects":true,"showParticleSystems":true,"showVisualEffectGraphs":true,"m_FxEnabled":true},"in2DMode":false,"pivot":{"x":20.893434524536134,"y":12.001692771911621,"z":28.518274307250978},"rotation":{"x":-0.002358881989493966,"y":0.9923747777938843,"z":-0.12117008119821549,"w":-0.019056547433137895},"size":9.449379920959473,"orthographic":false}