{"cameraMode":{"drawMode":0,"name":"Shaded","section":"Shading Mode"},"sceneLighting":true,"audioPlay":false,"sceneViewState":{"showFog":true,"showMaterialUpdate":false,"showSkybox":true,"showFlares":true,"showImageEffects":true,"showParticleSystems":true,"showVisualEffectGraphs":true,"m_FxEnabled":true},"in2DMode":false,"pivot":{"x":-2.8428292274475099,"y":3.2636337280273439,"z":3.6074202060699465},"rotation":{"x":0.11339712888002396,"y":0.8748147487640381,"z":-0.24778452515602113,"w":0.4004700183868408},"size":0.0004945254186168313,"orthographic":false}