{"cameraMode":{"drawMode":0,"name":"Shaded","section":"Shading Mode"},"sceneLighting":true,"audioPlay":false,"sceneViewState":{"showFog":true,"showMaterialUpdate":false,"showSkybox":true,"showFlares":true,"showImageEffects":true,"showParticleSystems":true,"showVisualEffectGraphs":true,"m_FxEnabled":true},"in2DMode":false,"pivot":{"x":-2.884171485900879,"y":0.8395072817802429,"z":1.9298001527786255},"rotation":{"x":0.05129792541265488,"y":0.6831960082054138,"z":-0.04827140271663666,"w":0.7267755270004273},"size":0.8598076105117798,"orthographic":false}