{"cameraMode":{"drawMode":0,"name":"Shaded","section":"Shading Mode"},"sceneLighting":true,"audioPlay":false,"sceneViewState":{"showFog":true,"showMaterialUpdate":false,"showSkybox":true,"showFlares":true,"showImageEffects":true,"showParticleSystems":true,"showVisualEffectGraphs":true,"m_FxEnabled":true},"in2DMode":false,"pivot":{"x":1.2227050065994263,"y":-3.9490089416503908,"z":-6.959455966949463},"rotation":{"x":0.021985739469528199,"y":0.9742574691772461,"z":-0.19544844329357148,"w":0.10887501388788223},"size":8.176481246948243,"orthographic":false}