{"cameraMode":{"drawMode":0,"name":"Shaded","section":"Shading Mode"},"sceneLighting":true,"audioPlay":false,"sceneViewState":{"showFog":true,"showMaterialUpdate":false,"showSkybox":true,"showFlares":true,"showImageEffects":true,"showParticleSystems":true,"showVisualEffectGraphs":true,"m_FxEnabled":true},"in2DMode":false,"pivot":{"x":-4.514636516571045,"y":2.7220358848571779,"z":5.243599891662598},"rotation":{"x":0.034256137907505038,"y":0.933265209197998,"z":-0.09270813316106796,"w":0.3452208340167999},"size":0.0004945254186168313,"orthographic":false}