{"cameraMode":{"drawMode":0,"name":"Shaded","section":"Shading Mode"},"sceneLighting":false,"audioPlay":false,"sceneViewState":{"showFog":true,"showMaterialUpdate":false,"showSkybox":false,"showFlares":true,"showImageEffects":true,"showParticleSystems":true,"showVisualEffectGraphs":true,"m_FxEnabled":true},"in2DMode":false,"pivot":{"x":8.934964179992676,"y":1.5550564527511597,"z":-2.917393207550049},"rotation":{"x":0.029186807572841646,"y":0.9698076248168945,"z":-0.19003917276859284,"w":0.14898990094661714},"size":2.0650057792663576,"orthographic":false}