{"cameraMode":{"drawMode":0,"name":"Shaded","section":"Shading Mode"},"sceneLighting":false,"audioPlay":false,"sceneViewState":{"showFog":true,"showMaterialUpdate":false,"showSkybox":false,"showFlares":true,"showImageEffects":true,"showParticleSystems":true,"showVisualEffectGraphs":true,"m_FxEnabled":true},"in2DMode":false,"pivot":{"x":-0.7592123746871948,"y":0.18779748678207398,"z":-0.7324742078781128},"rotation":{"x":0.10374922305345535,"y":0.43202266097068789,"z":-0.05014514550566673,"w":0.8943604826927185},"size":0.25980764627456667,"orthographic":false}