{"cameraMode":{"drawMode":0,"name":"Shaded","section":"Shading Mode"},"sceneLighting":false,"audioPlay":false,"sceneViewState":{"showFog":true,"showMaterialUpdate":false,"showSkybox":false,"showFlares":true,"showImageEffects":true,"showParticleSystems":true,"showVisualEffectGraphs":true,"m_FxEnabled":true},"in2DMode":false,"pivot":{"x":-0.7750641703605652,"y":0.2914152443408966,"z":-0.24968406558036805},"rotation":{"x":-0.013538598082959652,"y":0.964801013469696,"z":-0.05069505795836449,"w":-0.2573850452899933},"size":0.25980764627456667,"orthographic":false}