{"cameraMode":{"drawMode":0,"name":"Shaded","section":"Shading Mode"},"sceneLighting":false,"audioPlay":false,"sceneViewState":{"showFog":true,"showMaterialUpdate":false,"showSkybox":false,"showFlares":true,"showImageEffects":true,"showParticleSystems":true,"showVisualEffectGraphs":true,"m_FxEnabled":true},"in2DMode":false,"pivot":{"x":-0.9601256847381592,"y":0.25410157442092898,"z":-0.47201305627822878},"rotation":{"x":0.0008229357190430164,"y":0.9990094304084778,"z":-0.023981286212801935,"w":0.0347757451236248},"size":0.25980764627456667,"orthographic":false}