{"cameraMode":{"drawMode":0,"name":"Shaded","section":"Shading Mode"},"sceneLighting":false,"audioPlay":false,"sceneViewState":{"showFog":true,"showMaterialUpdate":false,"showSkybox":false,"showFlares":true,"showImageEffects":true,"showParticleSystems":true,"showVisualEffectGraphs":true,"m_FxEnabled":true},"in2DMode":false,"pivot":{"x":-1.0260387659072877,"y":1.0590366125106812,"z":-0.9741513729095459},"rotation":{"x":0.18477530777454377,"y":0.31638145446777346,"z":-0.06299508363008499,"w":0.9282205700874329},"size":0.25980764627456667,"orthographic":false}